search,evaluate,max_depth,move_number,player,time,replacement_policy,table_max_size,table_current_size,table_number_attempted_mutations,table_number_entries_replaced,table_number_entries_rejected,table_number_direct_accesses,table_number_entries_swapped,table_number_directly_added,table_number_safe_accesses,table_number_hits,num_term,num_leafs,num_usable_hits,num_usable_hits_exact,num_usable_hits_alpha,num_usable_hits_beta,num_usable_hits_pruning,num_move_ordering_alpha_cutoff,num_move_ordering_beta_cutoff,num_alpha_cutoff,num_beta_cutoff
minimax_ordered,split_weight_eval,1,1,dragon,0.026150972,replace_overall_oldest,1000000,1,1,0,0,0,0,1,27,0,0,26,0,0,0,0,0,0,0,0,0
minimax_ordered,split_weight_eval,1,1,king,0.01846916,replace_overall_oldest,1000000,2,1,0,0,0,0,1,11,0,0,10,0,0,0,0,0,0,0,0,0
minimax_ordered,split_weight_eval,1,2,dragon,0.038278663,replace_overall_oldest,1000000,3,1,0,0,0,0,1,22,0,0,21,0,0,0,0,0,0,0,0,0
minimax_ordered,split_weight_eval,1,2,king,0.021548555,replace_overall_oldest,1000000,4,1,0,0,0,0,1,16,0,0,15,0,0,0,0,0,0,0,0,0
minimax_ordered,split_weight_eval,1,3,dragon,0.015974757,replace_overall_oldest,1000000,5,1,0,0,0,0,1,20,0,0,19,0,0,0,0,0,0,0,0,0
minimax_ordered,split_weight_eval,1,3,king,0.020496952,replace_overall_oldest,1000000,6,1,0,0,0,0,1,14,0,0,13,0,0,0,0,0,0,0,0,0
minimax_ordered,split_weight_eval,1,4,dragon,0.030584833,replace_overall_oldest,1000000,7,1,0,0,0,0,1,18,1,0,16,1,0,0,0,0,0,0,0,0
minimax_ordered,split_weight_eval,1,4,king,6.94E-05,replace_overall_oldest,1000000,7,0,0,0,0,0,0,1,1,0,0,1,0,0,0,0,0,0,0,0
minimax_ordered,split_weight_eval,1,5,dragon,6.67E-05,replace_overall_oldest,1000000,7,0,0,0,0,0,0,1,1,0,0,1,0,0,0,0,0,0,0,0
minimax_ordered,split_weight_eval,1,5,king,6.37E-05,replace_overall_oldest,1000000,7,0,0,0,0,0,0,1,1,0,0,1,0,0,0,0,0,0,0,0
minimax_ordered,split_weight_eval,1,6,dragon,6.64E-05,replace_overall_oldest,1000000,7,0,0,0,0,0,0,1,1,0,0,1,0,0,0,0,0,0,0,0
minimax_ordered,split_weight_eval,1,6,king,6.22E-05,replace_overall_oldest,1000000,7,0,0,0,0,0,0,1,1,0,0,1,0,0,0,0,0,0,0,0
minimax_ordered,split_weight_eval,1,7,dragon,6.25E-05,replace_overall_oldest,1000000,7,0,0,0,0,0,0,1,1,0,0,1,0,0,0,0,0,0,0,0
minimax_ordered,split_weight_eval,1,7,king,7.27E-05,replace_overall_oldest,1000000,7,0,0,0,0,0,0,1,1,0,0,1,0,0,0,0,0,0,0,0
minimax_ordered,split_weight_eval,1,8,dragon,6.13E-05,replace_overall_oldest,1000000,7,0,0,0,0,0,0,1,1,0,0,1,0,0,0,0,0,0,0,0
minimax_ordered,split_weight_eval,1,8,king,6.13E-05,replace_overall_oldest,1000000,7,0,0,0,0,0,0,1,1,0,0,1,0,0,0,0,0,0,0,0
minimax_ordered,split_weight_eval,1,9,dragon,6.01E-05,replace_overall_oldest,1000000,7,0,0,0,0,0,0,1,1,0,0,1,0,0,0,0,0,0,0,0
minimax_ordered,split_weight_eval,1,9,king,5.80E-05,replace_overall_oldest,1000000,7,0,0,0,0,0,0,1,1,0,0,1,0,0,0,0,0,0,0,0
minimax_ordered,split_weight_eval,1,10,dragon,5.65E-05,replace_overall_oldest,1000000,7,0,0,0,0,0,0,1,1,0,0,1,0,0,0,0,0,0,0,0
minimax_ordered,split_weight_eval,1,10,king,5.56E-05,replace_overall_oldest,1000000,7,0,0,0,0,0,0,1,1,0,0,1,0,0,0,0,0,0,0,0
minimax_ordered,split_weight_eval,1,11,dragon,6.04E-05,replace_overall_oldest,1000000,7,0,0,0,0,0,0,1,1,0,0,1,0,0,0,0,0,0,0,0
minimax_ordered,split_weight_eval,1,11,king,6.73E-05,replace_overall_oldest,1000000,7,0,0,0,0,0,0,1,1,0,0,1,0,0,0,0,0,0,0,0
minimax_ordered,split_weight_eval,1,12,dragon,6.31E-05,replace_overall_oldest,1000000,7,0,0,0,0,0,0,1,1,0,0,1,0,0,0,0,0,0,0,0
minimax_ordered,split_weight_eval,1,12,king,6.22E-05,replace_overall_oldest,1000000,7,0,0,0,0,0,0,1,1,0,0,1,0,0,0,0,0,0,0,0
minimax_ordered,split_weight_eval,1,13,dragon,6.10E-05,replace_overall_oldest,1000000,7,0,0,0,0,0,0,1,1,0,0,1,0,0,0,0,0,0,0,0
minimax_ordered,split_weight_eval,1,13,king,6.04E-05,replace_overall_oldest,1000000,7,0,0,0,0,0,0,1,1,0,0,1,0,0,0,0,0,0,0,0
minimax_ordered,split_weight_eval,1,14,dragon,5.47E-05,replace_overall_oldest,1000000,7,0,0,0,0,0,0,1,1,0,0,1,0,0,0,0,0,0,0,0
minimax_ordered,split_weight_eval,1,14,king,5.86E-05,replace_overall_oldest,1000000,7,0,0,0,0,0,0,1,1,0,0,1,0,0,0,0,0,0,0,0
minimax_ordered,split_weight_eval,1,15,dragon,6.13E-05,replace_overall_oldest,1000000,7,0,0,0,0,0,0,1,1,0,0,1,0,0,0,0,0,0,0,0
minimax_ordered,split_weight_eval,1,15,king,6.34E-05,replace_overall_oldest,1000000,7,0,0,0,0,0,0,1,1,0,0,1,0,0,0,0,0,0,0,0
minimax_ordered,split_weight_eval,1,16,dragon,6.10E-05,replace_overall_oldest,1000000,7,0,0,0,0,0,0,1,1,0,0,1,0,0,0,0,0,0,0,0
minimax_ordered,split_weight_eval,1,16,king,6.31E-05,replace_overall_oldest,1000000,7,0,0,0,0,0,0,1,1,0,0,1,0,0,0,0,0,0,0,0
minimax_ordered,split_weight_eval,1,17,dragon,6.94E-05,replace_overall_oldest,1000000,7,0,0,0,0,0,0,1,1,0,0,1,0,0,0,0,0,0,0,0
minimax_ordered,split_weight_eval,1,17,king,6.67E-05,replace_overall_oldest,1000000,7,0,0,0,0,0,0,1,1,0,0,1,0,0,0,0,0,0,0,0
minimax_ordered,split_weight_eval,1,18,dragon,7.00E-05,replace_overall_oldest,1000000,7,0,0,0,0,0,0,1,1,0,0,1,0,0,0,0,0,0,0,0
minimax_ordered,split_weight_eval,1,18,king,6.79E-05,replace_overall_oldest,1000000,7,0,0,0,0,0,0,1,1,0,0,1,0,0,0,0,0,0,0,0
minimax_ordered,split_weight_eval,1,19,dragon,6.31E-05,replace_overall_oldest,1000000,7,0,0,0,0,0,0,1,1,0,0,1,0,0,0,0,0,0,0,0
minimax_ordered,split_weight_eval,1,19,king,5.77E-05,replace_overall_oldest,1000000,7,0,0,0,0,0,0,1,1,0,0,1,0,0,0,0,0,0,0,0
minimax_ordered,split_weight_eval,1,20,dragon,6.64E-05,replace_overall_oldest,1000000,7,0,0,0,0,0,0,1,1,0,0,1,0,0,0,0,0,0,0,0
minimax_ordered,split_weight_eval,1,20,king,6.13E-05,replace_overall_oldest,1000000,7,0,0,0,0,0,0,1,1,0,0,1,0,0,0,0,0,0,0,0
minimax_ordered,split_weight_eval,1,21,dragon,6.28E-05,replace_overall_oldest,1000000,7,0,0,0,0,0,0,1,1,0,0,1,0,0,0,0,0,0,0,0
minimax_ordered,split_weight_eval,1,21,king,7.81E-05,replace_overall_oldest,1000000,7,0,0,0,0,0,0,1,1,0,0,1,0,0,0,0,0,0,0,0
minimax_ordered,split_weight_eval,1,22,dragon,6.25E-05,replace_overall_oldest,1000000,7,0,0,0,0,0,0,1,1,0,0,1,0,0,0,0,0,0,0,0
minimax_ordered,split_weight_eval,1,22,king,5.56E-05,replace_overall_oldest,1000000,7,0,0,0,0,0,0,1,1,0,0,1,0,0,0,0,0,0,0,0
minimax_ordered,split_weight_eval,1,23,dragon,6.13E-05,replace_overall_oldest,1000000,7,0,0,0,0,0,0,1,1,0,0,1,0,0,0,0,0,0,0,0
minimax_ordered,split_weight_eval,1,23,king,5.53E-05,replace_overall_oldest,1000000,7,0,0,0,0,0,0,1,1,0,0,1,0,0,0,0,0,0,0,0
minimax_ordered,split_weight_eval,1,24,dragon,6.31E-05,replace_overall_oldest,1000000,7,0,0,0,0,0,0,1,1,0,0,1,0,0,0,0,0,0,0,0
minimax_ordered,split_weight_eval,1,24,king,7.21E-05,replace_overall_oldest,1000000,7,0,0,0,0,0,0,1,1,0,0,1,0,0,0,0,0,0,0,0
minimax_ordered,split_weight_eval,1,25,dragon,6.31E-05,replace_overall_oldest,1000000,7,0,0,0,0,0,0,1,1,0,0,1,0,0,0,0,0,0,0,0
minimax_ordered,split_weight_eval,1,25,king,6.64E-05,replace_overall_oldest,1000000,7,0,0,0,0,0,0,1,1,0,0,1,0,0,0,0,0,0,0,0
minimax_ordered,split_weight_eval,1,26,dragon,6.61E-05,replace_overall_oldest,1000000,7,0,0,0,0,0,0,1,1,0,0,1,0,0,0,0,0,0,0,0
minimax_ordered,split_weight_eval,1,26,king,6.25E-05,replace_overall_oldest,1000000,7,0,0,0,0,0,0,1,1,0,0,1,0,0,0,0,0,0,0,0
minimax_ordered,split_weight_eval,1,27,dragon,6.85E-05,replace_overall_oldest,1000000,7,0,0,0,0,0,0,1,1,0,0,1,0,0,0,0,0,0,0,0
minimax_ordered,split_weight_eval,1,27,king,5.95E-05,replace_overall_oldest,1000000,7,0,0,0,0,0,0,1,1,0,0,1,0,0,0,0,0,0,0,0
minimax_ordered,split_weight_eval,1,28,dragon,6.91E-05,replace_overall_oldest,1000000,7,0,0,0,0,0,0,1,1,0,0,1,0,0,0,0,0,0,0,0
minimax_ordered,split_weight_eval,1,28,king,6.13E-05,replace_overall_oldest,1000000,7,0,0,0,0,0,0,1,1,0,0,1,0,0,0,0,0,0,0,0
minimax_ordered,split_weight_eval,1,29,dragon,6.10E-05,replace_overall_oldest,1000000,7,0,0,0,0,0,0,1,1,0,0,1,0,0,0,0,0,0,0,0
minimax_ordered,split_weight_eval,1,29,king,6.58E-05,replace_overall_oldest,1000000,7,0,0,0,0,0,0,1,1,0,0,1,0,0,0,0,0,0,0,0
minimax_ordered,split_weight_eval,1,30,dragon,6.43E-05,replace_overall_oldest,1000000,7,0,0,0,0,0,0,1,1,0,0,1,0,0,0,0,0,0,0,0
minimax_ordered,split_weight_eval,1,30,king,5.98E-05,replace_overall_oldest,1000000,7,0,0,0,0,0,0,1,1,0,0,1,0,0,0,0,0,0,0,0
minimax_ordered,split_weight_eval,1,31,dragon,6.16E-05,replace_overall_oldest,1000000,7,0,0,0,0,0,0,1,1,0,0,1,0,0,0,0,0,0,0,0
minimax_ordered,split_weight_eval,1,31,king,6.49E-05,replace_overall_oldest,1000000,7,0,0,0,0,0,0,1,1,0,0,1,0,0,0,0,0,0,0,0
minimax_ordered,split_weight_eval,1,32,dragon,6.25E-05,replace_overall_oldest,1000000,7,0,0,0,0,0,0,1,1,0,0,1,0,0,0,0,0,0,0,0
minimax_ordered,split_weight_eval,1,32,king,5.59E-05,replace_overall_oldest,1000000,7,0,0,0,0,0,0,1,1,0,0,1,0,0,0,0,0,0,0,0
minimax_ordered,split_weight_eval,1,33,dragon,3.76E-05,replace_overall_oldest,1000000,7,0,0,0,0,0,0,1,1,0,0,1,0,0,0,0,0,0,0,0
minimax_ordered,split_weight_eval,1,33,king,4.69E-05,replace_overall_oldest,1000000,7,0,0,0,0,0,0,1,1,0,0,1,0,0,0,0,0,0,0,0
minimax_ordered,split_weight_eval,1,34,dragon,2.22E-05,replace_overall_oldest,1000000,7,0,0,0,0,0,0,1,1,0,0,1,0,0,0,0,0,0,0,0
minimax_ordered,split_weight_eval,1,34,king,2.13E-05,replace_overall_oldest,1000000,7,0,0,0,0,0,0,1,1,0,0,1,0,0,0,0,0,0,0,0
minimax_ordered,split_weight_eval,1,35,dragon,2.01E-05,replace_overall_oldest,1000000,7,0,0,0,0,0,0,1,1,0,0,1,0,0,0,0,0,0,0,0
minimax_ordered,split_weight_eval,1,35,king,2.79E-05,replace_overall_oldest,1000000,7,0,0,0,0,0,0,1,1,0,0,1,0,0,0,0,0,0,0,0
minimax_ordered,split_weight_eval,1,36,dragon,1.98E-05,replace_overall_oldest,1000000,7,0,0,0,0,0,0,1,1,0,0,1,0,0,0,0,0,0,0,0
minimax_ordered,split_weight_eval,1,36,king,2.16E-05,replace_overall_oldest,1000000,7,0,0,0,0,0,0,1,1,0,0,1,0,0,0,0,0,0,0,0
minimax_ordered,split_weight_eval,1,37,dragon,5.20E-05,replace_overall_oldest,1000000,7,0,0,0,0,0,0,1,1,0,0,1,0,0,0,0,0,0,0,0
minimax_ordered,split_weight_eval,1,37,king,5.08E-05,replace_overall_oldest,1000000,7,0,0,0,0,0,0,1,1,0,0,1,0,0,0,0,0,0,0,0
minimax_ordered,split_weight_eval,1,38,dragon,5.83E-05,replace_overall_oldest,1000000,7,0,0,0,0,0,0,1,1,0,0,1,0,0,0,0,0,0,0,0
minimax_ordered,split_weight_eval,1,38,king,3.03E-05,replace_overall_oldest,1000000,7,0,0,0,0,0,0,1,1,0,0,1,0,0,0,0,0,0,0,0
minimax_ordered,split_weight_eval,1,39,dragon,2.40E-05,replace_overall_oldest,1000000,7,0,0,0,0,0,0,1,1,0,0,1,0,0,0,0,0,0,0,0
minimax_ordered,split_weight_eval,1,39,king,2.52E-05,replace_overall_oldest,1000000,7,0,0,0,0,0,0,1,1,0,0,1,0,0,0,0,0,0,0,0
minimax_ordered,split_weight_eval,1,40,dragon,6.70E-05,replace_overall_oldest,1000000,7,0,0,0,0,0,0,1,1,0,0,1,0,0,0,0,0,0,0,0
minimax_ordered,split_weight_eval,1,40,king,8.77E-05,replace_overall_oldest,1000000,7,0,0,0,0,0,0,1,1,0,0,1,0,0,0,0,0,0,0,0
minimax_ordered,split_weight_eval,1,41,dragon,6.94E-05,replace_overall_oldest,1000000,7,0,0,0,0,0,0,1,1,0,0,1,0,0,0,0,0,0,0,0
minimax_ordered,split_weight_eval,1,41,king,7.12E-05,replace_overall_oldest,1000000,7,0,0,0,0,0,0,1,1,0,0,1,0,0,0,0,0,0,0,0
minimax_ordered,split_weight_eval,1,42,dragon,6.67E-05,replace_overall_oldest,1000000,7,0,0,0,0,0,0,1,1,0,0,1,0,0,0,0,0,0,0,0
minimax_ordered,split_weight_eval,1,42,king,6.34E-05,replace_overall_oldest,1000000,7,0,0,0,0,0,0,1,1,0,0,1,0,0,0,0,0,0,0,0
minimax_ordered,split_weight_eval,1,43,dragon,7.09E-05,replace_overall_oldest,1000000,7,0,0,0,0,0,0,1,1,0,0,1,0,0,0,0,0,0,0,0
minimax_ordered,split_weight_eval,1,43,king,3.49E-05,replace_overall_oldest,1000000,7,0,0,0,0,0,0,1,1,0,0,1,0,0,0,0,0,0,0,0
minimax_ordered,split_weight_eval,1,44,dragon,3.27E-05,replace_overall_oldest,1000000,7,0,0,0,0,0,0,1,1,0,0,1,0,0,0,0,0,0,0,0
minimax_ordered,split_weight_eval,1,44,king,3.73E-05,replace_overall_oldest,1000000,7,0,0,0,0,0,0,1,1,0,0,1,0,0,0,0,0,0,0,0
minimax_ordered,split_weight_eval,1,45,dragon,6.82E-05,replace_overall_oldest,1000000,7,0,0,0,0,0,0,1,1,0,0,1,0,0,0,0,0,0,0,0
minimax_ordered,split_weight_eval,1,45,king,6.40E-05,replace_overall_oldest,1000000,7,0,0,0,0,0,0,1,1,0,0,1,0,0,0,0,0,0,0,0
minimax_ordered,split_weight_eval,1,46,dragon,6.79E-05,replace_overall_oldest,1000000,7,0,0,0,0,0,0,1,1,0,0,1,0,0,0,0,0,0,0,0
minimax_ordered,split_weight_eval,1,46,king,6.28E-05,replace_overall_oldest,1000000,7,0,0,0,0,0,0,1,1,0,0,1,0,0,0,0,0,0,0,0
minimax_ordered,split_weight_eval,1,47,dragon,6.28E-05,replace_overall_oldest,1000000,7,0,0,0,0,0,0,1,1,0,0,1,0,0,0,0,0,0,0,0
minimax_ordered,split_weight_eval,1,47,king,6.19E-05,replace_overall_oldest,1000000,7,0,0,0,0,0,0,1,1,0,0,1,0,0,0,0,0,0,0,0
minimax_ordered,split_weight_eval,1,48,dragon,5.50E-05,replace_overall_oldest,1000000,7,0,0,0,0,0,0,1,1,0,0,1,0,0,0,0,0,0,0,0
minimax_ordered,split_weight_eval,1,48,king,6.70E-05,replace_overall_oldest,1000000,7,0,0,0,0,0,0,1,1,0,0,1,0,0,0,0,0,0,0,0
minimax_ordered,split_weight_eval,1,49,dragon,6.88E-05,replace_overall_oldest,1000000,7,0,0,0,0,0,0,1,1,0,0,1,0,0,0,0,0,0,0,0
minimax_ordered,split_weight_eval,1,49,king,6.40E-05,replace_overall_oldest,1000000,7,0,0,0,0,0,0,1,1,0,0,1,0,0,0,0,0,0,0,0
minimax_ordered,split_weight_eval,1,50,dragon,6.13E-05,replace_overall_oldest,1000000,7,0,0,0,0,0,0,1,1,0,0,1,0,0,0,0,0,0,0,0
minimax_ordered,split_weight_eval,1,50,king,6.13E-05,replace_overall_oldest,1000000,7,0,0,0,0,0,0,1,1,0,0,1,0,0,0,0,0,0,0,0
minimax_ordered,split_weight_eval,1,51,dragon,6.67E-05,replace_overall_oldest,1000000,7,0,0,0,0,0,0,1,1,0,0,1,0,0,0,0,0,0,0,0
minimax_ordered,split_weight_eval,1,51,king,6.88E-05,replace_overall_oldest,1000000,7,0,0,0,0,0,0,1,1,0,0,1,0,0,0,0,0,0,0,0
minimax_ordered,split_weight_eval,1,52,dragon,7.39E-05,replace_overall_oldest,1000000,7,0,0,0,0,0,0,1,1,0,0,1,0,0,0,0,0,0,0,0
minimax_ordered,split_weight_eval,1,52,king,6.88E-05,replace_overall_oldest,1000000,7,0,0,0,0,0,0,1,1,0,0,1,0,0,0,0,0,0,0,0
minimax_ordered,split_weight_eval,1,53,dragon,6.85E-05,replace_overall_oldest,1000000,7,0,0,0,0,0,0,1,1,0,0,1,0,0,0,0,0,0,0,0
minimax_ordered,split_weight_eval,1,53,king,7.45E-05,replace_overall_oldest,1000000,7,0,0,0,0,0,0,1,1,0,0,1,0,0,0,0,0,0,0,0
minimax_ordered,split_weight_eval,1,54,dragon,6.37E-05,replace_overall_oldest,1000000,7,0,0,0,0,0,0,1,1,0,0,1,0,0,0,0,0,0,0,0
minimax_ordered,split_weight_eval,1,54,king,6.73E-05,replace_overall_oldest,1000000,7,0,0,0,0,0,0,1,1,0,0,1,0,0,0,0,0,0,0,0
minimax_ordered,split_weight_eval,1,55,dragon,6.07E-05,replace_overall_oldest,1000000,7,0,0,0,0,0,0,1,1,0,0,1,0,0,0,0,0,0,0,0
minimax_ordered,split_weight_eval,1,55,king,6.76E-05,replace_overall_oldest,1000000,7,0,0,0,0,0,0,1,1,0,0,1,0,0,0,0,0,0,0,0
minimax_ordered,split_weight_eval,1,56,dragon,7.36E-05,replace_overall_oldest,1000000,7,0,0,0,0,0,0,1,1,0,0,1,0,0,0,0,0,0,0,0
minimax_ordered,split_weight_eval,1,56,king,6.85E-05,replace_overall_oldest,1000000,7,0,0,0,0,0,0,1,1,0,0,1,0,0,0,0,0,0,0,0
minimax_ordered,split_weight_eval,1,57,dragon,7.00E-05,replace_overall_oldest,1000000,7,0,0,0,0,0,0,1,1,0,0,1,0,0,0,0,0,0,0,0
minimax_ordered,split_weight_eval,1,57,king,5.74E-05,replace_overall_oldest,1000000,7,0,0,0,0,0,0,1,1,0,0,1,0,0,0,0,0,0,0,0
minimax_ordered,split_weight_eval,1,58,dragon,6.37E-05,replace_overall_oldest,1000000,7,0,0,0,0,0,0,1,1,0,0,1,0,0,0,0,0,0,0,0
minimax_ordered,split_weight_eval,1,58,king,7.12E-05,replace_overall_oldest,1000000,7,0,0,0,0,0,0,1,1,0,0,1,0,0,0,0,0,0,0,0
minimax_ordered,split_weight_eval,1,59,dragon,6.07E-05,replace_overall_oldest,1000000,7,0,0,0,0,0,0,1,1,0,0,1,0,0,0,0,0,0,0,0
minimax_ordered,split_weight_eval,1,59,king,6.07E-05,replace_overall_oldest,1000000,7,0,0,0,0,0,0,1,1,0,0,1,0,0,0,0,0,0,0,0
minimax_ordered,split_weight_eval,1,60,dragon,5.44E-05,replace_overall_oldest,1000000,7,0,0,0,0,0,0,1,1,0,0,1,0,0,0,0,0,0,0,0
minimax_ordered,split_weight_eval,1,60,king,6.10E-05,replace_overall_oldest,1000000,7,0,0,0,0,0,0,1,1,0,0,1,0,0,0,0,0,0,0,0
minimax_ordered,split_weight_eval,1,61,dragon,6.88E-05,replace_overall_oldest,1000000,7,0,0,0,0,0,0,1,1,0,0,1,0,0,0,0,0,0,0,0
minimax_ordered,split_weight_eval,2,1,dragon,0.138625963,replace_overall_oldest,1000000,28,28,0,0,0,0,28,302,1,0,274,0,0,0,0,0,0,0,0,0
minimax_ordered,split_weight_eval,2,1,king,0.134205323,replace_overall_oldest,1000000,39,11,0,0,0,0,11,234,2,0,222,1,0,0,0,0,0,0,0,0
minimax_ordered,split_weight_eval,2,2,dragon,0.203624667,replace_overall_oldest,1000000,61,22,0,0,0,0,22,335,3,0,311,2,0,0,0,0,0,0,0,0
minimax_ordered,split_weight_eval,2,2,king,0.147639105,replace_overall_oldest,1000000,77,16,0,0,0,0,16,304,4,0,285,3,0,0,0,0,0,0,0,0
minimax_ordered,split_weight_eval,2,3,dragon,0.122492564,replace_overall_oldest,1000000,97,20,0,0,0,0,20,263,4,0,240,3,0,0,0,0,0,0,0,0
minimax_ordered,split_weight_eval,2,3,king,0.10504346,replace_overall_oldest,1000000,111,14,0,0,0,0,14,239,4,0,222,3,0,0,0,0,0,0,0,0
minimax_ordered,split_weight_eval,2,4,dragon,0.142732624,replace_overall_oldest,1000000,127,16,0,0,0,0,16,239,4,0,220,3,0,0,0,0,0,0,0,0
minimax_ordered,split_weight_eval,2,4,king,9.82E-05,replace_overall_oldest,1000000,127,0,0,0,0,0,0,2,2,0,0,2,0,0,0,0,0,0,0,0
minimax_ordered,split_weight_eval,2,5,dragon,6.13E-05,replace_overall_oldest,1000000,127,0,0,0,0,0,0,2,2,0,0,2,0,0,0,0,0,0,0,0
minimax_ordered,split_weight_eval,2,5,king,6.22E-05,replace_overall_oldest,1000000,127,0,0,0,0,0,0,2,2,0,0,2,0,0,0,0,0,0,0,0
minimax_ordered,split_weight_eval,2,6,dragon,3.09E-05,replace_overall_oldest,1000000,127,0,0,0,0,0,0,2,2,0,0,2,0,0,0,0,0,0,0,0
minimax_ordered,split_weight_eval,2,6,king,3.37E-05,replace_overall_oldest,1000000,127,0,0,0,0,0,0,2,2,0,0,2,0,0,0,0,0,0,0,0
minimax_ordered,split_weight_eval,2,7,dragon,2.91E-05,replace_overall_oldest,1000000,127,0,0,0,0,0,0,2,2,0,0,2,0,0,0,0,0,0,0,0
minimax_ordered,split_weight_eval,2,7,king,2.88E-05,replace_overall_oldest,1000000,127,0,0,0,0,0,0,2,2,0,0,2,0,0,0,0,0,0,0,0
minimax_ordered,split_weight_eval,2,8,dragon,3.37E-05,replace_overall_oldest,1000000,127,0,0,0,0,0,0,2,2,0,0,2,0,0,0,0,0,0,0,0
minimax_ordered,split_weight_eval,2,8,king,3.94E-05,replace_overall_oldest,1000000,127,0,0,0,0,0,0,2,2,0,0,2,0,0,0,0,0,0,0,0
minimax_ordered,split_weight_eval,2,9,dragon,3.79E-05,replace_overall_oldest,1000000,127,0,0,0,0,0,0,2,2,0,0,2,0,0,0,0,0,0,0,0
minimax_ordered,split_weight_eval,2,9,king,8.74E-05,replace_overall_oldest,1000000,127,0,0,0,0,0,0,2,2,0,0,2,0,0,0,0,0,0,0,0
minimax_ordered,split_weight_eval,2,10,dragon,9.98E-05,replace_overall_oldest,1000000,127,0,0,0,0,0,0,2,2,0,0,2,0,0,0,0,0,0,0,0
minimax_ordered,split_weight_eval,2,10,king,9.22E-05,replace_overall_oldest,1000000,127,0,0,0,0,0,0,2,2,0,0,2,0,0,0,0,0,0,0,0
minimax_ordered,split_weight_eval,2,11,dragon,9.61E-05,replace_overall_oldest,1000000,127,0,0,0,0,0,0,2,2,0,0,2,0,0,0,0,0,0,0,0
minimax_ordered,split_weight_eval,2,11,king,9.64E-05,replace_overall_oldest,1000000,127,0,0,0,0,0,0,2,2,0,0,2,0,0,0,0,0,0,0,0
minimax_ordered,split_weight_eval,2,12,dragon,8.65E-05,replace_overall_oldest,1000000,127,0,0,0,0,0,0,2,2,0,0,2,0,0,0,0,0,0,0,0
minimax_ordered,split_weight_eval,2,12,king,4.30E-05,replace_overall_oldest,1000000,127,0,0,0,0,0,0,2,2,0,0,2,0,0,0,0,0,0,0,0
minimax_ordered,split_weight_eval,2,13,dragon,4.81E-05,replace_overall_oldest,1000000,127,0,0,0,0,0,0,2,2,0,0,2,0,0,0,0,0,0,0,0
minimax_ordered,split_weight_eval,2,13,king,5.62E-05,replace_overall_oldest,1000000,127,0,0,0,0,0,0,2,2,0,0,2,0,0,0,0,0,0,0,0
minimax_ordered,split_weight_eval,2,14,dragon,5.68E-05,replace_overall_oldest,1000000,127,0,0,0,0,0,0,2,2,0,0,2,0,0,0,0,0,0,0,0
minimax_ordered,split_weight_eval,2,14,king,5.68E-05,replace_overall_oldest,1000000,127,0,0,0,0,0,0,2,2,0,0,2,0,0,0,0,0,0,0,0
minimax_ordered,split_weight_eval,2,15,dragon,3.37E-05,replace_overall_oldest,1000000,127,0,0,0,0,0,0,2,2,0,0,2,0,0,0,0,0,0,0,0
minimax_ordered,split_weight_eval,2,15,king,2.61E-05,replace_overall_oldest,1000000,127,0,0,0,0,0,0,2,2,0,0,2,0,0,0,0,0,0,0,0
minimax_ordered,split_weight_eval,2,16,dragon,9.70E-05,replace_overall_oldest,1000000,127,0,0,0,0,0,0,2,2,0,0,2,0,0,0,0,0,0,0,0
minimax_ordered,split_weight_eval,2,16,king,9.10E-05,replace_overall_oldest,1000000,127,0,0,0,0,0,0,2,2,0,0,2,0,0,0,0,0,0,0,0
minimax_ordered,split_weight_eval,2,17,dragon,9.58E-05,replace_overall_oldest,1000000,127,0,0,0,0,0,0,2,2,0,0,2,0,0,0,0,0,0,0,0
minimax_ordered,split_weight_eval,2,17,king,9.31E-05,replace_overall_oldest,1000000,127,0,0,0,0,0,0,2,2,0,0,2,0,0,0,0,0,0,0,0
minimax_ordered,split_weight_eval,2,18,dragon,9.58E-05,replace_overall_oldest,1000000,127,0,0,0,0,0,0,2,2,0,0,2,0,0,0,0,0,0,0,0
minimax_ordered,split_weight_eval,2,18,king,9.16E-05,replace_overall_oldest,1000000,127,0,0,0,0,0,0,2,2,0,0,2,0,0,0,0,0,0,0,0
minimax_ordered,split_weight_eval,2,19,dragon,9.58E-05,replace_overall_oldest,1000000,127,0,0,0,0,0,0,2,2,0,0,2,0,0,0,0,0,0,0,0
minimax_ordered,split_weight_eval,2,19,king,0.000106062,replace_overall_oldest,1000000,127,0,0,0,0,0,0,2,2,0,0,2,0,0,0,0,0,0,0,0
minimax_ordered,split_weight_eval,2,20,dragon,8.68E-05,replace_overall_oldest,1000000,127,0,0,0,0,0,0,2,2,0,0,2,0,0,0,0,0,0,0,0
minimax_ordered,split_weight_eval,2,20,king,0.000101555,replace_overall_oldest,1000000,127,0,0,0,0,0,0,2,2,0,0,2,0,0,0,0,0,0,0,0
minimax_ordered,split_weight_eval,2,21,dragon,0.000100053,replace_overall_oldest,1000000,127,0,0,0,0,0,0,2,2,0,0,2,0,0,0,0,0,0,0,0
minimax_ordered,split_weight_eval,2,21,king,0.00010486,replace_overall_oldest,1000000,127,0,0,0,0,0,0,2,2,0,0,2,0,0,0,0,0,0,0,0
minimax_ordered,split_weight_eval,2,22,dragon,0.000117479,replace_overall_oldest,1000000,127,0,0,0,0,0,0,2,2,0,0,2,0,0,0,0,0,0,0,0
minimax_ordered,split_weight_eval,2,22,king,0.000107264,replace_overall_oldest,1000000,127,0,0,0,0,0,0,2,2,0,0,2,0,0,0,0,0,0,0,0
minimax_ordered,split_weight_eval,2,23,dragon,9.37E-05,replace_overall_oldest,1000000,127,0,0,0,0,0,0,2,2,0,0,2,0,0,0,0,0,0,0,0
minimax_ordered,split_weight_eval,2,23,king,9.25E-05,replace_overall_oldest,1000000,127,0,0,0,0,0,0,2,2,0,0,2,0,0,0,0,0,0,0,0
minimax_ordered,split_weight_eval,2,24,dragon,9.67E-05,replace_overall_oldest,1000000,127,0,0,0,0,0,0,2,2,0,0,2,0,0,0,0,0,0,0,0
minimax_ordered,split_weight_eval,2,24,king,9.70E-05,replace_overall_oldest,1000000,127,0,0,0,0,0,0,2,2,0,0,2,0,0,0,0,0,0,0,0
minimax_ordered,split_weight_eval,2,25,dragon,8.20E-05,replace_overall_oldest,1000000,127,0,0,0,0,0,0,2,2,0,0,2,0,0,0,0,0,0,0,0
minimax_ordered,split_weight_eval,2,25,king,9.19E-05,replace_overall_oldest,1000000,127,0,0,0,0,0,0,2,2,0,0,2,0,0,0,0,0,0,0,0
minimax_ordered,split_weight_eval,2,26,dragon,0.000103057,replace_overall_oldest,1000000,127,0,0,0,0,0,0,2,2,0,0,2,0,0,0,0,0,0,0,0
minimax_ordered,split_weight_eval,2,26,king,0.000104559,replace_overall_oldest,1000000,127,0,0,0,0,0,0,2,2,0,0,2,0,0,0,0,0,0,0,0
minimax_ordered,split_weight_eval,2,27,dragon,9.43E-05,replace_overall_oldest,1000000,127,0,0,0,0,0,0,2,2,0,0,2,0,0,0,0,0,0,0,0
minimax_ordered,split_weight_eval,2,27,king,9.64E-05,replace_overall_oldest,1000000,127,0,0,0,0,0,0,2,2,0,0,2,0,0,0,0,0,0,0,0
minimax_ordered,split_weight_eval,2,28,dragon,9.28E-05,replace_overall_oldest,1000000,127,0,0,0,0,0,0,2,2,0,0,2,0,0,0,0,0,0,0,0
minimax_ordered,split_weight_eval,2,28,king,0.000113874,replace_overall_oldest,1000000,127,0,0,0,0,0,0,2,2,0,0,2,0,0,0,0,0,0,0,0
minimax_ordered,split_weight_eval,2,29,dragon,9.28E-05,replace_overall_oldest,1000000,127,0,0,0,0,0,0,2,2,0,0,2,0,0,0,0,0,0,0,0
minimax_ordered,split_weight_eval,2,29,king,0.000126493,replace_overall_oldest,1000000,127,0,0,0,0,0,0,2,2,0,0,2,0,0,0,0,0,0,0,0
minimax_ordered,split_weight_eval,2,30,dragon,0.000100053,replace_overall_oldest,1000000,127,0,0,0,0,0,0,2,2,0,0,2,0,0,0,0,0,0,0,0
minimax_ordered,split_weight_eval,2,30,king,0.000110569,replace_overall_oldest,1000000,127,0,0,0,0,0,0,2,2,0,0,2,0,0,0,0,0,0,0,0
minimax_ordered,split_weight_eval,2,31,dragon,0.000102156,replace_overall_oldest,1000000,127,0,0,0,0,0,0,2,2,0,0,2,0,0,0,0,0,0,0,0
minimax_ordered,split_weight_eval,2,31,king,9.61E-05,replace_overall_oldest,1000000,127,0,0,0,0,0,0,2,2,0,0,2,0,0,0,0,0,0,0,0
minimax_ordered,split_weight_eval,2,32,dragon,0.000114174,replace_overall_oldest,1000000,127,0,0,0,0,0,0,2,2,0,0,2,0,0,0,0,0,0,0,0
minimax_ordered,split_weight_eval,2,32,king,0.000114475,replace_overall_oldest,1000000,127,0,0,0,0,0,0,2,2,0,0,2,0,0,0,0,0,0,0,0
minimax_ordered,split_weight_eval,2,33,dragon,8.14E-05,replace_overall_oldest,1000000,127,0,0,0,0,0,0,2,2,0,0,2,0,0,0,0,0,0,0,0
minimax_ordered,split_weight_eval,2,33,king,7.81E-05,replace_overall_oldest,1000000,127,0,0,0,0,0,0,2,2,0,0,2,0,0,0,0,0,0,0,0
minimax_ordered,split_weight_eval,2,34,dragon,8.38E-05,replace_overall_oldest,1000000,127,0,0,0,0,0,0,2,2,0,0,2,0,0,0,0,0,0,0,0
minimax_ordered,split_weight_eval,2,34,king,8.08E-05,replace_overall_oldest,1000000,127,0,0,0,0,0,0,2,2,0,0,2,0,0,0,0,0,0,0,0
minimax_ordered,split_weight_eval,2,35,dragon,9.49E-05,replace_overall_oldest,1000000,127,0,0,0,0,0,0,2,2,0,0,2,0,0,0,0,0,0,0,0
minimax_ordered,split_weight_eval,2,35,king,9.58E-05,replace_overall_oldest,1000000,127,0,0,0,0,0,0,2,2,0,0,2,0,0,0,0,0,0,0,0
minimax_ordered,split_weight_eval,2,36,dragon,0.000127695,replace_overall_oldest,1000000,127,0,0,0,0,0,0,2,2,0,0,2,0,0,0,0,0,0,0,0
minimax_ordered,split_weight_eval,2,36,king,9.67E-05,replace_overall_oldest,1000000,127,0,0,0,0,0,0,2,2,0,0,2,0,0,0,0,0,0,0,0
minimax_ordered,split_weight_eval,2,37,dragon,9.31E-05,replace_overall_oldest,1000000,127,0,0,0,0,0,0,2,2,0,0,2,0,0,0,0,0,0,0,0
minimax_ordered,split_weight_eval,2,37,king,0.000112071,replace_overall_oldest,1000000,127,0,0,0,0,0,0,2,2,0,0,2,0,0,0,0,0,0,0,0
minimax_ordered,split_weight_eval,2,38,dragon,9.46E-05,replace_overall_oldest,1000000,127,0,0,0,0,0,0,2,2,0,0,2,0,0,0,0,0,0,0,0
minimax_ordered,split_weight_eval,2,38,king,9.70E-05,replace_overall_oldest,1000000,127,0,0,0,0,0,0,2,2,0,0,2,0,0,0,0,0,0,0,0
minimax_ordered,split_weight_eval,2,39,dragon,0.000102456,replace_overall_oldest,1000000,127,0,0,0,0,0,0,2,2,0,0,2,0,0,0,0,0,0,0,0
minimax_ordered,split_weight_eval,2,39,king,0.000100954,replace_overall_oldest,1000000,127,0,0,0,0,0,0,2,2,0,0,2,0,0,0,0,0,0,0,0
minimax_ordered,split_weight_eval,2,40,dragon,9.07E-05,replace_overall_oldest,1000000,127,0,0,0,0,0,0,2,2,0,0,2,0,0,0,0,0,0,0,0
minimax_ordered,split_weight_eval,2,40,king,8.65E-05,replace_overall_oldest,1000000,127,0,0,0,0,0,0,2,2,0,0,2,0,0,0,0,0,0,0,0
minimax_ordered,split_weight_eval,2,41,dragon,9.01E-05,replace_overall_oldest,1000000,127,0,0,0,0,0,0,2,2,0,0,2,0,0,0,0,0,0,0,0
minimax_ordered,split_weight_eval,2,41,king,8.89E-05,replace_overall_oldest,1000000,127,0,0,0,0,0,0,2,2,0,0,2,0,0,0,0,0,0,0,0
minimax_ordered,split_weight_eval,2,42,dragon,9.28E-05,replace_overall_oldest,1000000,127,0,0,0,0,0,0,2,2,0,0,2,0,0,0,0,0,0,0,0
minimax_ordered,split_weight_eval,2,42,king,9.07E-05,replace_overall_oldest,1000000,127,0,0,0,0,0,0,2,2,0,0,2,0,0,0,0,0,0,0,0
minimax_ordered,split_weight_eval,2,43,dragon,9.16E-05,replace_overall_oldest,1000000,127,0,0,0,0,0,0,2,2,0,0,2,0,0,0,0,0,0,0,0
minimax_ordered,split_weight_eval,2,43,king,9.58E-05,replace_overall_oldest,1000000,127,0,0,0,0,0,0,2,2,0,0,2,0,0,0,0,0,0,0,0
minimax_ordered,split_weight_eval,2,44,dragon,0.000116277,replace_overall_oldest,1000000,127,0,0,0,0,0,0,2,2,0,0,2,0,0,0,0,0,0,0,0
minimax_ordered,split_weight_eval,2,44,king,0.000103959,replace_overall_oldest,1000000,127,0,0,0,0,0,0,2,2,0,0,2,0,0,0,0,0,0,0,0
minimax_ordered,split_weight_eval,2,45,dragon,9.25E-05,replace_overall_oldest,1000000,127,0,0,0,0,0,0,2,2,0,0,2,0,0,0,0,0,0,0,0
minimax_ordered,split_weight_eval,2,45,king,9.25E-05,replace_overall_oldest,1000000,127,0,0,0,0,0,0,2,2,0,0,2,0,0,0,0,0,0,0,0
minimax_ordered,split_weight_eval,2,46,dragon,0.000108465,replace_overall_oldest,1000000,127,0,0,0,0,0,0,2,2,0,0,2,0,0,0,0,0,0,0,0
minimax_ordered,split_weight_eval,2,46,king,0.000100653,replace_overall_oldest,1000000,127,0,0,0,0,0,0,2,2,0,0,2,0,0,0,0,0,0,0,0
minimax_ordered,split_weight_eval,2,47,dragon,8.86E-05,replace_overall_oldest,1000000,127,0,0,0,0,0,0,2,2,0,0,2,0,0,0,0,0,0,0,0
minimax_ordered,split_weight_eval,2,47,king,9.37E-05,replace_overall_oldest,1000000,127,0,0,0,0,0,0,2,2,0,0,2,0,0,0,0,0,0,0,0
minimax_ordered,split_weight_eval,2,48,dragon,9.16E-05,replace_overall_oldest,1000000,127,0,0,0,0,0,0,2,2,0,0,2,0,0,0,0,0,0,0,0
minimax_ordered,split_weight_eval,2,48,king,9.67E-05,replace_overall_oldest,1000000,127,0,0,0,0,0,0,2,2,0,0,2,0,0,0,0,0,0,0,0
minimax_ordered,split_weight_eval,2,49,dragon,9.40E-05,replace_overall_oldest,1000000,127,0,0,0,0,0,0,2,2,0,0,2,0,0,0,0,0,0,0,0
minimax_ordered,split_weight_eval,2,49,king,9.52E-05,replace_overall_oldest,1000000,127,0,0,0,0,0,0,2,2,0,0,2,0,0,0,0,0,0,0,0
minimax_ordered,split_weight_eval,2,50,dragon,0.000113874,replace_overall_oldest,1000000,127,0,0,0,0,0,0,2,2,0,0,2,0,0,0,0,0,0,0,0
minimax_ordered,split_weight_eval,2,50,king,9.70E-05,replace_overall_oldest,1000000,127,0,0,0,0,0,0,2,2,0,0,2,0,0,0,0,0,0,0,0
minimax_ordered,split_weight_eval,3,1,dragon,2.816557405,replace_overall_oldest,1000000,303,303,0,0,0,0,303,6249,28,8,5938,0,0,0,0,0,0,0,0,0
minimax_ordered,split_weight_eval,3,1,king,1.571003209,replace_overall_oldest,1000000,527,224,0,0,0,0,224,2354,21,10,2109,11,0,0,0,0,0,0,0,0
minimax_ordered,split_weight_eval,3,2,dragon,3.791608265,replace_overall_oldest,1000000,771,244,0,0,0,0,244,4844,65,0,4558,42,0,0,0,0,0,0,0,0
minimax_ordered,split_weight_eval,3,2,king,1.569870782,replace_overall_oldest,1000000,971,200,0,0,0,0,200,2135,47,4,1895,36,0,0,0,0,0,0,0,0
minimax_ordered,split_weight_eval,3,3,dragon,2.592426473,replace_overall_oldest,1000000,1175,204,0,0,0,0,204,3382,79,0,3117,61,0,0,0,0,0,0,0,0
minimax_ordered,split_weight_eval,3,3,king,1.180315126,replace_overall_oldest,1000000,1367,192,0,0,0,0,192,2084,28,3,1873,16,0,0,0,0,0,0,0,0
minimax_ordered,split_weight_eval,3,4,dragon,3.093751944,replace_overall_oldest,1000000,1655,288,0,0,0,0,288,5324,95,0,4961,75,0,0,0,0,0,0,0,0
minimax_ordered,split_weight_eval,3,4,king,1.890227931,replace_overall_oldest,1000000,1954,299,0,0,0,0,299,3669,60,6,3320,44,0,0,0,0,0,0,0,0
minimax_ordered,split_weight_eval,3,5,dragon,1.869703337,replace_overall_oldest,1000000,2186,232,0,0,0,0,232,3958,78,0,3667,59,0,0,0,0,0,0,0,0
minimax_ordered,split_weight_eval,3,5,king,0.83097639,replace_overall_oldest,1000000,2353,167,0,0,0,0,167,1796,320,3,1316,310,0,0,0,0,0,0,0,0
minimax_ordered,split_weight_eval,3,6,dragon,2.174644881,replace_overall_oldest,1000000,2573,220,0,0,0,0,220,3878,57,0,3620,38,0,0,0,0,0,0,0,0
minimax_ordered,split_weight_eval,3,6,king,1.235155041,replace_overall_oldest,1000000,2768,195,0,0,0,0,195,2247,65,3,1998,51,0,0,0,0,0,0,0,0
minimax_ordered,split_weight_eval,3,7,dragon,1.723026298,replace_overall_oldest,1000000,2935,167,0,0,0,0,167,2612,61,3,2396,46,0,0,0,0,0,0,0,0
minimax_ordered,split_weight_eval,3,7,king,0.84640882,replace_overall_oldest,1000000,3083,148,0,0,0,0,148,1729,54,6,1533,42,0,0,0,0,0,0,0,0
minimax_ordered,split_weight_eval,3,8,dragon,1.325984428,replace_overall_oldest,1000000,3224,141,0,0,0,0,141,2030,54,4,1844,41,0,0,0,0,0,0,0,0
minimax_ordered,split_weight_eval,3,8,king,1.834273617,replace_overall_oldest,1000000,3443,219,0,0,0,0,219,2628,48,12,2362,35,0,0,0,0,0,0,0,0
minimax_ordered,split_weight_eval,3,9,dragon,4.691045537,replace_overall_oldest,1000000,3717,274,0,0,0,0,274,4586,87,0,4244,68,0,0,0,0,0,0,0,0
minimax_ordered,split_weight_eval,3,9,king,1.376305753,replace_overall_oldest,1000000,3943,226,0,0,0,0,226,2776,34,3,2528,19,0,0,0,0,0,0,0,0
minimax_ordered,split_weight_eval,3,10,dragon,3.161372445,replace_overall_oldest,1000000,4146,203,0,0,0,0,203,2724,55,0,2481,40,0,0,0,0,0,0,0,0
minimax_ordered,split_weight_eval,3,10,king,0.962970341,replace_overall_oldest,1000000,4322,176,0,0,0,0,176,2047,35,4,1846,21,0,0,0,0,0,0,0,0
minimax_ordered,split_weight_eval,3,11,dragon,0.914496833,replace_overall_oldest,1000000,4443,121,0,0,0,0,121,1272,37,8,1117,26,0,0,0,0,0,0,0,0
minimax_ordered,split_weight_eval,3,11,king,0.54494027,replace_overall_oldest,1000000,4563,120,0,0,0,0,120,1258,37,11,1102,25,0,0,0,0,0,0,0,0
minimax_ordered,split_weight_eval,3,12,dragon,0.59111948,replace_overall_oldest,1000000,4645,82,0,0,0,0,82,875,39,1,763,29,0,0,0,0,0,0,0,0
minimax_ordered,split_weight_eval,3,12,king,0.399042921,replace_overall_oldest,1000000,4727,82,0,0,0,0,82,866,27,10,757,17,0,0,0,0,0,0,0,0
minimax_ordered,split_weight_eval,3,13,dragon,0.938475494,replace_overall_oldest,1000000,4823,96,0,0,0,0,96,956,41,12,816,32,0,0,0,0,0,0,0,0
minimax_ordered,split_weight_eval,3,13,king,0.758619467,replace_overall_oldest,1000000,4943,120,0,0,0,0,120,1361,32,29,1192,20,0,0,0,0,0,0,0,0
minimax_ordered,split_weight_eval,3,14,dragon,0.790792221,replace_overall_oldest,1000000,5021,78,0,0,0,0,78,800,23,37,672,13,0,0,0,0,0,0,0,0
minimax_ordered,split_weight_eval,3,14,king,0.470060101,replace_overall_oldest,1000000,5093,72,0,0,0,0,72,777,28,34,652,19,0,0,0,0,0,0,0,0
minimax_ordered,split_weight_eval,3,15,dragon,1.498399309,replace_overall_oldest,1000000,5200,107,0,0,0,0,107,1212,39,24,1052,29,0,0,0,0,0,0,0,0
minimax_ordered,split_weight_eval,3,15,king,0.561473879,replace_overall_oldest,1000000,5310,110,0,0,0,0,110,1124,33,20,974,20,0,0,0,0,0,0,0,0
minimax_ordered,split_weight_eval,3,16,dragon,0.891823664,replace_overall_oldest,1000000,5407,97,0,0,0,0,97,989,42,2,857,33,0,0,0,0,0,0,0,0
minimax_ordered,split_weight_eval,3,16,king,0.583942137,replace_overall_oldest,1000000,5518,111,0,0,0,0,111,1206,79,15,1013,67,0,0,0,0,0,0,0,0
minimax_ordered,split_weight_eval,3,17,dragon,0.933140259,replace_overall_oldest,1000000,5601,83,0,0,0,0,83,837,35,14,714,26,0,0,0,0,0,0,0,0
minimax_ordered,split_weight_eval,3,17,king,0.459511317,replace_overall_oldest,1000000,5684,83,0,0,0,0,83,809,26,15,695,16,0,0,0,0,0,0,0,0
minimax_ordered,split_weight_eval,3,18,dragon,1.270387059,replace_overall_oldest,1000000,5801,117,0,0,0,0,117,1232,44,18,1063,34,0,0,0,0,0,0,0,0
minimax_ordered,split_weight_eval,3,18,king,0.771145866,replace_overall_oldest,1000000,5930,129,0,0,0,0,129,1410,50,32,1212,37,0,0,0,0,0,0,0,0
minimax_ordered,split_weight_eval,3,19,dragon,0.98305867,replace_overall_oldest,1000000,6025,95,0,0,0,0,95,1019,35,35,864,25,0,0,0,0,0,0,0,0
minimax_ordered,split_weight_eval,3,19,king,0.416150705,replace_overall_oldest,1000000,6104,79,0,0,0,0,79,784,98,30,586,89,0,0,0,0,0,0,0,0
minimax_ordered,split_weight_eval,3,20,dragon,1.314018684,replace_overall_oldest,1000000,6210,106,0,0,0,0,106,1202,33,5,1069,22,0,0,0,0,0,0,0,0
minimax_ordered,split_weight_eval,3,20,king,0.964166465,replace_overall_oldest,1000000,6344,134,0,0,0,0,134,1551,49,43,1337,37,0,0,0,0,0,0,0,0
minimax_ordered,split_weight_eval,3,21,dragon,2.507078042,replace_overall_oldest,1000000,6476,132,0,0,0,0,132,1548,64,40,1324,52,0,0,0,0,0,0,0,0
minimax_ordered,split_weight_eval,3,21,king,0.742411855,replace_overall_oldest,1000000,6602,126,0,0,0,0,126,1381,50,20,1198,37,0,0,0,0,0,0,0,0
minimax_ordered,split_weight_eval,3,22,dragon,0.605871072,replace_overall_oldest,1000000,6682,80,0,0,0,0,80,729,30,6,622,21,0,0,0,0,0,0,0,0
minimax_ordered,split_weight_eval,3,22,king,0.59450384,replace_overall_oldest,1000000,6781,99,0,0,0,0,99,969,32,9,839,22,0,0,0,0,0,0,0,0
minimax_ordered,split_weight_eval,3,23,dragon,0.962666878,replace_overall_oldest,1000000,6882,101,0,0,0,0,101,1021,29,1,900,19,0,0,0,0,0,0,0,0
minimax_ordered,split_weight_eval,3,23,king,0.711742894,replace_overall_oldest,1000000,7016,134,0,0,0,0,134,1310,44,8,1135,33,0,0,0,0,0,0,0,0
minimax_ordered,split_weight_eval,3,24,dragon,2.904621977,replace_overall_oldest,1000000,7210,194,0,0,0,0,194,2620,67,10,2364,52,0,0,0,0,0,0,0,0
minimax_ordered,split_weight_eval,3,24,king,1.018687593,replace_overall_oldest,1000000,7378,168,0,0,0,0,168,1913,37,19,1703,23,0,0,0,0,0,0,0,0
minimax_ordered,split_weight_eval,3,25,dragon,2.4362168,replace_overall_oldest,1000000,7555,177,0,0,0,0,177,2543,75,12,2294,60,0,0,0,0,0,0,0,0
minimax_ordered,split_weight_eval,3,25,king,0.900534545,replace_overall_oldest,1000000,7702,147,0,0,0,0,147,1602,235,14,1216,225,0,0,0,0,0,0,0,0
minimax_ordered,split_weight_eval,3,26,dragon,1.617643321,replace_overall_oldest,1000000,7827,125,0,0,0,0,125,1795,51,12,1623,35,0,0,0,0,0,0,0,0
minimax_ordered,split_weight_eval,3,26,king,1.286060456,replace_overall_oldest,1000000,7964,137,0,0,0,0,137,1496,39,14,1315,30,0,0,0,0,0,0,0,0
minimax_ordered,split_weight_eval,3,27,dragon,4.440558119,replace_overall_oldest,1000000,8197,233,0,0,0,0,233,3515,76,33,3191,58,0,0,0,0,0,0,0,0
minimax_ordered,split_weight_eval,3,27,king,1.499325622,replace_overall_oldest,1000000,8387,190,0,0,0,0,190,2201,48,27,1949,35,0,0,0,0,0,0,0,0
minimax_ordered,split_weight_eval,3,28,dragon,2.178273514,replace_overall_oldest,1000000,8554,167,0,0,0,0,167,2400,69,6,2173,54,0,0,0,0,0,0,0,0
minimax_ordered,split_weight_eval,3,28,king,1.509902649,replace_overall_oldest,1000000,8722,168,0,0,0,0,168,1918,48,38,1675,37,0,0,0,0,0,0,0,0
minimax_ordered,split_weight_eval,3,29,dragon,4.806051587,replace_overall_oldest,1000000,8933,211,0,0,0,0,211,3349,44,2,3109,27,0,0,0,0,0,0,0,0
minimax_ordered,split_weight_eval,3,29,king,1.885227707,replace_overall_oldest,1000000,9150,217,0,0,0,0,217,2486,54,34,2194,41,0,0,0,0,0,0,0,0
minimax_ordered,split_weight_eval,3,30,dragon,2.828947096,replace_overall_oldest,1000000,9317,167,0,0,0,0,167,2647,49,2,2446,32,0,0,0,0,0,0,0,0
minimax_ordered,split_weight_eval,3,30,king,2.294588359,replace_overall_oldest,1000000,9507,190,0,0,0,0,190,2125,31,47,1867,21,0,0,0,0,0,0,0,0
minimax_ordered,split_weight_eval,3,31,dragon,6.219767079,replace_overall_oldest,1000000,9701,194,0,0,0,0,194,3417,91,4,3149,70,0,0,0,0,0,0,0,0
minimax_ordered,split_weight_eval,3,31,king,2.012734316,replace_overall_oldest,1000000,9879,178,0,0,0,0,178,1899,32,44,1654,23,0,0,0,0,0,0,0,0
minimax_ordered,split_weight_eval,3,32,dragon,3.434387911,replace_overall_oldest,1000000,10064,185,0,0,0,0,185,3382,63,4,3152,41,0,0,0,0,0,0,0,0
minimax_ordered,split_weight_eval,3,32,king,1.471663045,replace_overall_oldest,1000000,10218,154,0,0,0,0,154,1543,24,38,1336,15,0,0,0,0,0,0,0,0
minimax_ordered,split_weight_eval,3,33,dragon,3.3296389,replace_overall_oldest,1000000,10377,159,0,0,0,0,159,2909,97,19,2655,76,0,0,0,0,0,0,0,0
minimax_ordered,split_weight_eval,3,33,king,1.198165343,replace_overall_oldest,1000000,10521,144,0,0,0,0,144,1337,33,24,1144,25,0,0,0,0,0,0,0,0
minimax_ordered,split_weight_eval,3,34,dragon,2.950675896,replace_overall_oldest,1000000,10663,142,0,0,0,0,142,2465,244,19,2077,227,0,0,0,0,0,0,0,0
minimax_ordered,split_weight_eval,3,34,king,1.293660845,replace_overall_oldest,1000000,10812,149,0,0,0,0,149,1486,19,27,1300,10,0,0,0,0,0,0,0,0
minimax_ordered,split_weight_eval,3,35,dragon,4.233253742,replace_overall_oldest,1000000,10975,163,0,0,0,0,163,2659,65,29,2421,46,0,0,0,0,0,0,0,0
minimax_ordered,split_weight_eval,3,35,king,1.144097606,replace_overall_oldest,1000000,11096,121,0,0,0,0,121,1250,149,28,960,141,0,0,0,0,0,0,0,0
minimax_ordered,split_weight_eval,3,36,dragon,1.450663126,replace_overall_oldest,1000000,11257,161,0,0,0,0,161,2422,21,0,2257,4,0,0,0,0,0,0,0,0
minimax_ordered,split_weight_eval,3,36,king,0.847310194,replace_overall_oldest,1000000,11394,137,0,0,0,0,137,1332,19,0,1185,10,0,0,0,0,0,0,0,0
minimax_ordered,split_weight_eval,3,37,dragon,1.348746233,replace_overall_oldest,1000000,11527,133,0,0,0,0,133,1875,43,0,1715,27,0,0,0,0,0,0,0,0
minimax_ordered,split_weight_eval,3,37,king,0.609325438,replace_overall_oldest,1000000,11624,97,0,0,0,0,97,898,152,0,656,145,0,0,0,0,0,0,0,0
minimax_ordered,split_weight_eval,3,38,dragon,2.388876921,replace_overall_oldest,1000000,11773,149,0,0,0,0,149,2190,50,0,2007,34,0,0,0,0,0,0,0,0
minimax_ordered,split_weight_eval,3,38,king,0.965101791,replace_overall_oldest,1000000,11907,134,0,0,0,0,134,1337,39,13,1161,29,0,0,0,0,0,0,0,0
minimax_ordered,split_weight_eval,3,39,dragon,2.662094596,replace_overall_oldest,1000000,12072,165,0,0,0,0,165,2350,43,0,2157,28,0,0,0,0,0,0,0,0
minimax_ordered,split_weight_eval,3,39,king,1.575579486,replace_overall_oldest,1000000,12265,193,0,0,0,0,193,1904,35,16,1672,23,0,0,0,0,0,0,0,0
minimax_ordered,split_weight_eval,3,40,dragon,5.351506242,replace_overall_oldest,1000000,12472,207,0,0,0,0,207,3265,81,16,2979,63,0,0,0,0,0,0,0,0
minimax_ordered,split_weight_eval,3,40,king,1.115185423,replace_overall_oldest,1000000,12647,175,0,0,0,0,175,1771,51,30,1528,38,0,0,0,0,0,0,0,0
minimax_ordered,split_weight_eval,3,41,dragon,0.66136929,replace_overall_oldest,1000000,12773,126,0,0,0,0,126,1583,40,2,1429,26,0,0,0,0,0,0,0,0
minimax_ordered,split_weight_eval,3,41,king,0.50888019,replace_overall_oldest,1000000,12891,118,0,0,0,0,118,1060,28,22,901,19,0,0,0,0,0,0,0,0
minimax_ordered,split_weight_eval,3,42,dragon,1.112029712,replace_overall_oldest,1000000,13012,121,0,0,0,0,121,1489,38,10,1333,25,0,0,0,0,0,0,0,0
minimax_ordered,split_weight_eval,3,42,king,0.715263362,replace_overall_oldest,1000000,13132,120,0,0,0,0,120,1184,44,33,997,34,0,0,0,0,0,0,0,0
minimax_ordered,split_weight_eval,3,43,dragon,0.884374706,replace_overall_oldest,1000000,13243,111,0,0,0,0,111,1471,197,12,1164,184,0,0,0,0,0,0,0,0
minimax_ordered,split_weight_eval,3,43,king,0.000136408,replace_overall_oldest,1000000,13243,0,0,0,0,0,0,3,3,0,0,3,0,0,0,0,0,0,0,0
minimax_ordered,split_weight_eval,3,44,dragon,0.000116277,replace_overall_oldest,1000000,13243,0,0,0,0,0,0,3,3,0,0,3,0,0,0,0,0,0,0,0
minimax_ordered,split_weight_eval,3,44,king,0.000115977,replace_overall_oldest,1000000,13243,0,0,0,0,0,0,3,3,0,0,3,0,0,0,0,0,0,0,0
minimax_ordered,split_weight_eval,3,45,dragon,0.000142417,replace_overall_oldest,1000000,13243,0,0,0,0,0,0,3,3,0,0,3,0,0,0,0,0,0,0,0
minimax_ordered,split_weight_eval,3,45,king,0.000127394,replace_overall_oldest,1000000,13243,0,0,0,0,0,0,3,3,0,0,3,0,0,0,0,0,0,0,0
minimax_ordered,split_weight_eval,3,46,dragon,0.000116578,replace_overall_oldest,1000000,13243,0,0,0,0,0,0,3,3,0,0,3,0,0,0,0,0,0,0,0
minimax_ordered,split_weight_eval,3,46,king,0.000139112,replace_overall_oldest,1000000,13243,0,0,0,0,0,0,3,3,0,0,3,0,0,0,0,0,0,0,0
minimax_ordered,split_weight_eval,3,47,dragon,0.000109968,replace_overall_oldest,1000000,13243,0,0,0,0,0,0,3,3,0,0,3,0,0,0,0,0,0,0,0
minimax_ordered,split_weight_eval,3,47,king,0.000149328,replace_overall_oldest,1000000,13243,0,0,0,0,0,0,3,3,0,0,3,0,0,0,0,0,0,0,0
minimax_ordered,split_weight_eval,3,48,dragon,0.000139112,replace_overall_oldest,1000000,13243,0,0,0,0,0,0,3,3,0,0,3,0,0,0,0,0,0,0,0
minimax_ordered,split_weight_eval,3,48,king,7.21E-05,replace_overall_oldest,1000000,13243,0,0,0,0,0,0,3,3,0,0,3,0,0,0,0,0,0,0,0
minimax_ordered,split_weight_eval,3,49,dragon,8.50E-05,replace_overall_oldest,1000000,13243,0,0,0,0,0,0,3,3,0,0,3,0,0,0,0,0,0,0,0
minimax_ordered,split_weight_eval,3,49,king,7.15E-05,replace_overall_oldest,1000000,13243,0,0,0,0,0,0,3,3,0,0,3,0,0,0,0,0,0,0,0
minimax_ordered,split_weight_eval,3,50,dragon,7.42E-05,replace_overall_oldest,1000000,13243,0,0,0,0,0,0,3,3,0,0,3,0,0,0,0,0,0,0,0
minimax_ordered,split_weight_eval,3,50,king,8.29E-05,replace_overall_oldest,1000000,13243,0,0,0,0,0,0,3,3,0,0,3,0,0,0,0,0,0,0,0
minimax_ordered,split_weight_eval,4,1,dragon,21.92925323,replace_overall_oldest,1000000,3667,3667,0,0,0,0,3667,44110,2888,36,37822,2585,0,0,0,0,0,0,0,0
minimax_ordered,split_weight_eval,4,1,king,17.99735897,replace_overall_oldest,1000000,5143,1476,0,0,0,0,1476,30351,1138,103,27858,914,0,0,0,0,0,0,0,0
minimax_ordered,split_weight_eval,4,2,dragon,24.66023446,replace_overall_oldest,1000000,8177,3034,0,0,0,0,3034,33227,2451,45,27941,2207,0,0,0,0,0,0,0,0
minimax_ordered,split_weight_eval,4,2,king,15.21299175,replace_overall_oldest,1000000,9563,1386,0,0,0,0,1386,24473,1528,36,21723,1328,0,0,0,0,0,0,0,0
minimax_ordered,split_weight_eval,4,3,dragon,17.54066385,replace_overall_oldest,1000000,11721,2158,0,0,0,0,2158,23678,1848,12,19864,1644,0,0,0,0,0,0,0,0
minimax_ordered,split_weight_eval,4,3,king,10.82315426,replace_overall_oldest,1000000,12998,1277,0,0,0,0,1277,20836,1510,3,18238,1318,0,0,0,0,0,0,0,0
minimax_ordered,split_weight_eval,4,4,dragon,10.87339837,replace_overall_oldest,1000000,14648,1650,0,0,0,0,1650,18167,1359,139,15183,1195,0,0,0,0,0,0,0,0
minimax_ordered,split_weight_eval,4,4,king,12.11578574,replace_overall_oldest,1000000,16054,1406,0,0,0,0,1406,22959,1379,111,20245,1197,0,0,0,0,0,0,0,0
minimax_ordered,split_weight_eval,4,5,dragon,19.43095758,replace_overall_oldest,1000000,18743,2689,0,0,0,0,2689,33898,2411,211,28836,2162,0,0,0,0,0,0,0,0
minimax_ordered,split_weight_eval,4,5,king,13.37908529,replace_overall_oldest,1000000,20249,1506,0,0,0,0,1506,24580,1284,26,21957,1091,0,0,0,0,0,0,0,0
minimax_ordered,split_weight_eval,4,6,dragon,10.82704279,replace_overall_oldest,1000000,21963,1714,0,0,0,0,1714,19762,1511,45,16669,1334,0,0,0,0,0,0,0,0
minimax_ordered,split_weight_eval,4,6,king,10.74214835,replace_overall_oldest,1000000,23105,1142,0,0,0,0,1142,18576,1337,17,16241,1176,0,0,0,0,0,0,0,0
minimax_ordered,split_weight_eval,4,7,dragon,13.29576105,replace_overall_oldest,1000000,25283,2178,0,0,0,0,2178,24646,1959,19,20698,1751,0,0,0,0,0,0,0,0
minimax_ordered,split_weight_eval,4,7,king,7.815890388,replace_overall_oldest,1000000,26319,1036,0,0,0,0,1036,15684,1173,2,13629,1017,0,0,0,0,0,0,0,0
minimax_ordered,split_weight_eval,4,8,dragon,5.912911015,replace_overall_oldest,1000000,27327,1008,0,0,0,0,1008,11248,828,82,9445,713,0,0,0,0,0,0,0,0
minimax_ordered,split_weight_eval,4,8,king,8.799787035,replace_overall_oldest,1000000,28519,1192,0,0,0,0,1192,17826,1236,89,15462,1083,0,0,0,0,0,0,0,0
minimax_ordered,split_weight_eval,4,9,dragon,8.699531676,replace_overall_oldest,1000000,30121,1602,0,0,0,0,1602,18660,1395,11,15834,1213,0,0,0,0,0,0,0,0
minimax_ordered,split_weight_eval,4,9,king,0.000129497,replace_overall_oldest,1000000,30121,0,0,0,0,0,0,4,4,0,0,4,0,0,0,0,0,0,0,0
minimax_ordered,split_weight_eval,4,10,dragon,0.000127995,replace_overall_oldest,1000000,30121,0,0,0,0,0,0,4,4,0,0,4,0,0,0,0,0,0,0,0
minimax_ordered,split_weight_eval,4,10,king,0.000152332,replace_overall_oldest,1000000,30121,0,0,0,0,0,0,4,4,0,0,4,0,0,0,0,0,0,0,0
minimax_ordered,split_weight_eval,4,11,dragon,0.000121385,replace_overall_oldest,1000000,30121,0,0,0,0,0,0,4,4,0,0,4,0,0,0,0,0,0,0,0
minimax_ordered,split_weight_eval,4,11,king,0.000132802,replace_overall_oldest,1000000,30121,0,0,0,0,0,0,4,4,0,0,4,0,0,0,0,0,0,0,0
minimax_ordered,split_weight_eval,4,12,dragon,0.000131601,replace_overall_oldest,1000000,30121,0,0,0,0,0,0,4,4,0,0,4,0,0,0,0,0,0,0,0
minimax_ordered,split_weight_eval,4,12,king,0.000125892,replace_overall_oldest,1000000,30121,0,0,0,0,0,0,4,4,0,0,4,0,0,0,0,0,0,0,0
minimax_ordered,split_weight_eval,4,13,dragon,0.000149628,replace_overall_oldest,1000000,30121,0,0,0,0,0,0,4,4,0,0,4,0,0,0,0,0,0,0,0
minimax_ordered,split_weight_eval,4,13,king,0.000174867,replace_overall_oldest,1000000,30121,0,0,0,0,0,0,4,4,0,0,4,0,0,0,0,0,0,0,0
minimax_ordered,split_weight_eval,4,14,dragon,0.000130699,replace_overall_oldest,1000000,30121,0,0,0,0,0,0,4,4,0,0,4,0,0,0,0,0,0,0,0
minimax_ordered,split_weight_eval,4,14,king,0.000134305,replace_overall_oldest,1000000,30121,0,0,0,0,0,0,4,4,0,0,4,0,0,0,0,0,0,0,0
minimax_ordered,split_weight_eval,4,15,dragon,0.000147224,replace_overall_oldest,1000000,30121,0,0,0,0,0,0,4,4,0,0,4,0,0,0,0,0,0,0,0
minimax_ordered,split_weight_eval,4,15,king,0.000148727,replace_overall_oldest,1000000,30121,0,0,0,0,0,0,4,4,0,0,4,0,0,0,0,0,0,0,0
minimax_ordered,split_weight_eval,4,16,dragon,0.000182679,replace_overall_oldest,1000000,30121,0,0,0,0,0,0,4,4,0,0,4,0,0,0,0,0,0,0,0
minimax_ordered,split_weight_eval,4,16,king,0.000168257,replace_overall_oldest,1000000,30121,0,0,0,0,0,0,4,4,0,0,4,0,0,0,0,0,0,0,0
minimax_ordered,split_weight_eval,4,17,dragon,0.000135807,replace_overall_oldest,1000000,30121,0,0,0,0,0,0,4,4,0,0,4,0,0,0,0,0,0,0,0
minimax_ordered,split_weight_eval,4,17,king,0.000140915,replace_overall_oldest,1000000,30121,0,0,0,0,0,0,4,4,0,0,4,0,0,0,0,0,0,0,0
minimax_ordered,split_weight_eval,4,18,dragon,0.000145422,replace_overall_oldest,1000000,30121,0,0,0,0,0,0,4,4,0,0,4,0,0,0,0,0,0,0,0
minimax_ordered,split_weight_eval,4,18,king,0.000135807,replace_overall_oldest,1000000,30121,0,0,0,0,0,0,4,4,0,0,4,0,0,0,0,0,0,0,0
minimax_ordered,split_weight_eval,4,19,dragon,0.000140013,replace_overall_oldest,1000000,30121,0,0,0,0,0,0,4,4,0,0,4,0,0,0,0,0,0,0,0
minimax_ordered,split_weight_eval,4,19,king,0.000151431,replace_overall_oldest,1000000,30121,0,0,0,0,0,0,4,4,0,0,4,0,0,0,0,0,0,0,0
minimax_ordered,split_weight_eval,4,20,dragon,0.000122587,replace_overall_oldest,1000000,30121,0,0,0,0,0,0,4,4,0,0,4,0,0,0,0,0,0,0,0
minimax_ordered,split_weight_eval,4,20,king,0.000120784,replace_overall_oldest,1000000,30121,0,0,0,0,0,0,4,4,0,0,4,0,0,0,0,0,0,0,0
minimax_ordered,split_weight_eval,4,21,dragon,0.000123488,replace_overall_oldest,1000000,30121,0,0,0,0,0,0,4,4,0,0,4,0,0,0,0,0,0,0,0
minimax_ordered,split_weight_eval,4,21,king,0.000126493,replace_overall_oldest,1000000,30121,0,0,0,0,0,0,4,4,0,0,4,0,0,0,0,0,0,0,0
minimax_ordered,split_weight_eval,4,22,dragon,0.000127995,replace_overall_oldest,1000000,30121,0,0,0,0,0,0,4,4,0,0,4,0,0,0,0,0,0,0,0
minimax_ordered,split_weight_eval,4,22,king,0.000136408,replace_overall_oldest,1000000,30121,0,0,0,0,0,0,4,4,0,0,4,0,0,0,0,0,0,0,0
minimax_ordered,split_weight_eval,4,23,dragon,0.000130699,replace_overall_oldest,1000000,30121,0,0,0,0,0,0,4,4,0,0,4,0,0,0,0,0,0,0,0
minimax_ordered,split_weight_eval,4,23,king,0.000138211,replace_overall_oldest,1000000,30121,0,0,0,0,0,0,4,4,0,0,4,0,0,0,0,0,0,0,0
minimax_ordered,split_weight_eval,4,24,dragon,0.000131601,replace_overall_oldest,1000000,30121,0,0,0,0,0,0,4,4,0,0,4,0,0,0,0,0,0,0,0
minimax_ordered,split_weight_eval,4,24,king,0.000133103,replace_overall_oldest,1000000,30121,0,0,0,0,0,0,4,4,0,0,4,0,0,0,0,0,0,0,0
minimax_ordered,split_weight_eval,4,25,dragon,0.00012469,replace_overall_oldest,1000000,30121,0,0,0,0,0,0,4,4,0,0,4,0,0,0,0,0,0,0,0
minimax_ordered,split_weight_eval,4,25,king,0.000120484,replace_overall_oldest,1000000,30121,0,0,0,0,0,0,4,4,0,0,4,0,0,0,0,0,0,0,0
minimax_ordered,split_weight_eval,4,26,dragon,0.000133403,replace_overall_oldest,1000000,30121,0,0,0,0,0,0,4,4,0,0,4,0,0,0,0,0,0,0,0
minimax_ordered,split_weight_eval,4,26,king,0.000147525,replace_overall_oldest,1000000,30121,0,0,0,0,0,0,4,4,0,0,4,0,0,0,0,0,0,0,0
minimax_ordered,split_weight_eval,4,27,dragon,0.000131,replace_overall_oldest,1000000,30121,0,0,0,0,0,0,4,4,0,0,4,0,0,0,0,0,0,0,0
minimax_ordered,split_weight_eval,4,27,king,0.000141516,replace_overall_oldest,1000000,30121,0,0,0,0,0,0,4,4,0,0,4,0,0,0,0,0,0,0,0
minimax_ordered,split_weight_eval,4,28,dragon,0.000121986,replace_overall_oldest,1000000,30121,0,0,0,0,0,0,4,4,0,0,4,0,0,0,0,0,0,0,0
minimax_ordered,split_weight_eval,4,28,king,0.000121986,replace_overall_oldest,1000000,30121,0,0,0,0,0,0,4,4,0,0,4,0,0,0,0,0,0,0,0
minimax_ordered,split_weight_eval,4,29,dragon,0.000152332,replace_overall_oldest,1000000,30121,0,0,0,0,0,0,4,4,0,0,4,0,0,0,0,0,0,0,0
minimax_ordered,split_weight_eval,4,29,king,0.000132202,replace_overall_oldest,1000000,30121,0,0,0,0,0,0,4,4,0,0,4,0,0,0,0,0,0,0,0
minimax_ordered,split_weight_eval,4,30,dragon,0.000137009,replace_overall_oldest,1000000,30121,0,0,0,0,0,0,4,4,0,0,4,0,0,0,0,0,0,0,0
minimax_ordered,split_weight_eval,4,30,king,0.00016405,replace_overall_oldest,1000000,30121,0,0,0,0,0,0,4,4,0,0,4,0,0,0,0,0,0,0,0
minimax_ordered,split_weight_eval,4,31,dragon,0.000119282,replace_overall_oldest,1000000,30121,0,0,0,0,0,0,4,4,0,0,4,0,0,0,0,0,0,0,0
minimax_ordered,split_weight_eval,4,31,king,0.000155938,replace_overall_oldest,1000000,30121,0,0,0,0,0,0,4,4,0,0,4,0,0,0,0,0,0,0,0
minimax_ordered,split_weight_eval,4,32,dragon,0.000132502,replace_overall_oldest,1000000,30121,0,0,0,0,0,0,4,4,0,0,4,0,0,0,0,0,0,0,0
minimax_ordered,split_weight_eval,4,32,king,0.000127695,replace_overall_oldest,1000000,30121,0,0,0,0,0,0,4,4,0,0,4,0,0,0,0,0,0,0,0
minimax_ordered,split_weight_eval,4,33,dragon,0.000136408,replace_overall_oldest,1000000,30121,0,0,0,0,0,0,4,4,0,0,4,0,0,0,0,0,0,0,0
minimax_ordered,split_weight_eval,4,33,king,0.000147224,replace_overall_oldest,1000000,30121,0,0,0,0,0,0,4,4,0,0,4,0,0,0,0,0,0,0,0
minimax_ordered,split_weight_eval,4,34,dragon,0.000167055,replace_overall_oldest,1000000,30121,0,0,0,0,0,0,4,4,0,0,4,0,0,0,0,0,0,0,0
minimax_ordered,split_weight_eval,4,34,king,0.000137309,replace_overall_oldest,1000000,30121,0,0,0,0,0,0,4,4,0,0,4,0,0,0,0,0,0,0,0
minimax_ordered,split_weight_eval,4,35,dragon,0.000149027,replace_overall_oldest,1000000,30121,0,0,0,0,0,0,4,4,0,0,4,0,0,0,0,0,0,0,0
minimax_ordered,split_weight_eval,4,35,king,0.000140013,replace_overall_oldest,1000000,30121,0,0,0,0,0,0,4,4,0,0,4,0,0,0,0,0,0,0,0
minimax_ordered,split_weight_eval,4,36,dragon,0.000126192,replace_overall_oldest,1000000,30121,0,0,0,0,0,0,4,4,0,0,4,0,0,0,0,0,0,0,0
minimax_ordered,split_weight_eval,4,36,king,0.000126793,replace_overall_oldest,1000000,30121,0,0,0,0,0,0,4,4,0,0,4,0,0,0,0,0,0,0,0
minimax_ordered,split_weight_eval,4,37,dragon,0.000126793,replace_overall_oldest,1000000,30121,0,0,0,0,0,0,4,4,0,0,4,0,0,0,0,0,0,0,0
minimax_ordered,split_weight_eval,4,37,king,0.000134906,replace_overall_oldest,1000000,30121,0,0,0,0,0,0,4,4,0,0,4,0,0,0,0,0,0,0,0
minimax_ordered,split_weight_eval,4,38,dragon,0.000133704,replace_overall_oldest,1000000,30121,0,0,0,0,0,0,4,4,0,0,4,0,0,0,0,0,0,0,0
minimax_ordered,split_weight_eval,4,38,king,7.30E-05,replace_overall_oldest,1000000,30121,0,0,0,0,0,0,4,4,0,0,4,0,0,0,0,0,0,0,0
minimax_ordered,split_weight_eval,4,39,dragon,7.54E-05,replace_overall_oldest,1000000,30121,0,0,0,0,0,0,4,4,0,0,4,0,0,0,0,0,0,0,0
minimax_ordered,split_weight_eval,4,39,king,6.58E-05,replace_overall_oldest,1000000,30121,0,0,0,0,0,0,4,4,0,0,4,0,0,0,0,0,0,0,0
minimax_ordered,split_weight_eval,4,40,dragon,0.00015083,replace_overall_oldest,1000000,30121,0,0,0,0,0,0,4,4,0,0,4,0,0,0,0,0,0,0,0
minimax_ordered,split_weight_eval,4,40,king,0.000143018,replace_overall_oldest,1000000,30121,0,0,0,0,0,0,4,4,0,0,4,0,0,0,0,0,0,0,0
minimax_ordered,split_weight_eval,4,41,dragon,9.07E-05,replace_overall_oldest,1000000,30121,0,0,0,0,0,0,4,4,0,0,4,0,0,0,0,0,0,0,0
minimax_ordered,split_weight_eval,4,41,king,9.82E-05,replace_overall_oldest,1000000,30121,0,0,0,0,0,0,4,4,0,0,4,0,0,0,0,0,0,0,0
minimax_ordered,split_weight_eval,4,42,dragon,8.98E-05,replace_overall_oldest,1000000,30121,0,0,0,0,0,0,4,4,0,0,4,0,0,0,0,0,0,0,0
minimax_ordered,split_weight_eval,4,42,king,0.000103057,replace_overall_oldest,1000000,30121,0,0,0,0,0,0,4,4,0,0,4,0,0,0,0,0,0,0,0
minimax_ordered,split_weight_eval,4,43,dragon,0.000135206,replace_overall_oldest,1000000,30121,0,0,0,0,0,0,4,4,0,0,4,0,0,0,0,0,0,0,0
minimax_ordered,split_weight_eval,4,43,king,0.000141215,replace_overall_oldest,1000000,30121,0,0,0,0,0,0,4,4,0,0,4,0,0,0,0,0,0,0,0
minimax_ordered,split_weight_eval,4,44,dragon,0.000133403,replace_overall_oldest,1000000,30121,0,0,0,0,0,0,4,4,0,0,4,0,0,0,0,0,0,0,0
minimax_ordered,split_weight_eval,4,44,king,0.000135206,replace_overall_oldest,1000000,30121,0,0,0,0,0,0,4,4,0,0,4,0,0,0,0,0,0,0,0
minimax_ordered,split_weight_eval,4,45,dragon,0.00013761,replace_overall_oldest,1000000,30121,0,0,0,0,0,0,4,4,0,0,4,0,0,0,0,0,0,0,0
minimax_ordered,split_weight_eval,4,45,king,0.000136108,replace_overall_oldest,1000000,30121,0,0,0,0,0,0,4,4,0,0,4,0,0,0,0,0,0,0,0
minimax_ordered,split_weight_eval,4,46,dragon,0.00015744,replace_overall_oldest,1000000,30121,0,0,0,0,0,0,4,4,0,0,4,0,0,0,0,0,0,0,0
minimax_ordered,split_weight_eval,4,46,king,0.000140614,replace_overall_oldest,1000000,30121,0,0,0,0,0,0,4,4,0,0,4,0,0,0,0,0,0,0,0
minimax_ordered,split_weight_eval,4,47,dragon,0.000153534,replace_overall_oldest,1000000,30121,0,0,0,0,0,0,4,4,0,0,4,0,0,0,0,0,0,0,0
minimax_ordered,split_weight_eval,4,47,king,0.000168857,replace_overall_oldest,1000000,30121,0,0,0,0,0,0,4,4,0,0,4,0,0,0,0,0,0,0,0
minimax_ordered,split_weight_eval,4,48,dragon,0.000127394,replace_overall_oldest,1000000,30121,0,0,0,0,0,0,4,4,0,0,4,0,0,0,0,0,0,0,0
minimax_ordered,split_weight_eval,4,48,king,0.000130399,replace_overall_oldest,1000000,30121,0,0,0,0,0,0,4,4,0,0,4,0,0,0,0,0,0,0,0
minimax_ordered,split_weight_eval,4,49,dragon,0.000128897,replace_overall_oldest,1000000,30121,0,0,0,0,0,0,4,4,0,0,4,0,0,0,0,0,0,0,0
minimax_ordered,split_weight_eval,4,49,king,0.000123789,replace_overall_oldest,1000000,30121,0,0,0,0,0,0,4,4,0,0,4,0,0,0,0,0,0,0,0
minimax_ordered,split_weight_eval,4,50,dragon,0.000169158,replace_overall_oldest,1000000,30121,0,0,0,0,0,0,4,4,0,0,4,0,0,0,0,0,0,0,0
minimax_ordered,split_weight_eval,4,50,king,0.000137309,replace_overall_oldest,1000000,30121,0,0,0,0,0,0,4,4,0,0,4,0,0,0,0,0,0,0,0
minimax_ordered,split_weight_eval,5,1,dragon,223.7638159,replace_overall_oldest,1000000,25373,25373,0,0,0,0,25373,470067,22969,552,424840,19302,0,0,0,0,0,0,0,0
minimax_ordered,split_weight_eval,5,1,king,94.82628263,replace_overall_oldest,1000000,39337,13964,0,0,0,0,13964,155035,13878,116,128270,12685,0,0,0,0,0,0,0,0
minimax_ordered,split_weight_eval,5,2,dragon,204.1056955,replace_overall_oldest,1000000,58473,19136,0,0,0,0,19136,387377,24370,188,346738,21315,0,0,0,0,0,0,0,0
minimax_ordered,split_weight_eval,5,2,king,85.14237147,replace_overall_oldest,1000000,72242,13769,0,0,0,0,13769,145880,15935,140,117176,14795,0,0,0,0,0,0,0,0
minimax_ordered,split_weight_eval,5,3,dragon,219.3921336,replace_overall_oldest,1000000,91403,19161,0,0,0,0,19161,395648,29982,223,349503,26761,0,0,0,0,0,0,0,0
minimax_ordered,split_weight_eval,5,3,king,104.4212435,replace_overall_oldest,1000000,107322,15919,0,0,0,0,15919,163396,16775,225,131819,15433,0,0,0,0,0,0,0,0
minimax_ordered,split_weight_eval,5,4,dragon,314.3245996,replace_overall_oldest,1000000,124874,17552,0,0,0,0,17552,354953,24240,96,315721,21584,0,0,0,0,0,0,0,0
minimax_ordered,split_weight_eval,5,4,king,125.732193,replace_overall_oldest,1000000,140802,15928,0,0,0,0,15928,174211,16308,89,143237,14957,0,0,0,0,0,0,0,0
minimax_ordered,split_weight_eval,5,5,dragon,300.065334,replace_overall_oldest,1000000,156610,15808,0,0,0,0,15808,294548,20608,47,260306,18387,0,0,0,0,0,0,0,0
minimax_ordered,split_weight_eval,5,5,king,113.8764008,replace_overall_oldest,1000000,170798,14188,0,0,0,0,14188,164457,13822,312,137403,12554,0,0,0,0,0,0,0,0
minimax_ordered,split_weight_eval,5,6,dragon,287.1219385,replace_overall_oldest,1000000,186330,15532,0,0,0,0,15532,278627,18305,688,246228,16179,0,0,0,0,0,0,0,0
minimax_ordered,split_weight_eval,5,6,king,105.1427227,replace_overall_oldest,1000000,199873,13543,0,0,0,0,13543,154715,12903,860,128673,11639,0,0,0,0,0,0,0,0
minimax_ordered,split_weight_eval,5,7,dragon,364.618941,replace_overall_oldest,1000000,217923,18050,0,0,0,0,18050,306634,23927,1073,266210,21301,0,0,0,0,0,0,0,0
minimax_ordered,split_weight_eval,5,7,king,95.15036666,replace_overall_oldest,1000000,231746,13823,0,0,0,0,13823,165171,14309,1742,136679,12927,0,0,0,0,0,0,0,0
minimax_ordered,split_weight_eval,5,8,dragon,100.8797603,replace_overall_oldest,1000000,239878,8132,0,0,0,0,8132,126669,11968,1621,106159,10757,0,0,0,0,0,0,0,0
minimax_ordered,split_weight_eval,5,8,king,57.68231092,replace_overall_oldest,1000000,247744,7866,0,0,0,0,7866,84794,8280,4036,65449,7443,0,0,0,0,0,0,0,0
minimax_ordered,split_weight_eval,6,1,dragon,1190.052234,replace_overall_oldest,1000000,185401,185401,0,0,0,0,185401,2377683,314421,2776,1900458,289048,0,0,0,0,0,0,0,0
minimax_ordered,split_weight_eval,6,1,king,884.2705589,replace_overall_oldest,1000000,264612,79211,0,0,0,0,79211,1540450,105939,994,1368270,91975,0,0,0,0,0,0,0,0
minimax_ordered,split_weight_eval,6,2,dragon,929.0337874,replace_overall_oldest,1000000,413467,148855,0,0,0,0,148855,1729376,302947,1442,1295268,283811,0,0,0,0,0,0,0,0
minimax_ordered,split_weight_eval,6,2,king,797.8333128,replace_overall_oldest,1000000,482633,69166,0,0,0,0,69166,1397121,136437,1187,1204100,122668,0,0,0,0,0,0,0,0
minimax_ordered,split_weight_eval,6,3,dragon,976.2996862,replace_overall_oldest,1000000,638364,155731,0,0,0,0,155731,1741621,303469,1252,1300330,284308,0,0,0,0,0,0,0,0
minimax_ordered,split_weight_eval,6,3,king,985.7454765,replace_overall_oldest,1000000,712808,74444,0,0,0,0,74444,1487536,151795,988,1276228,135876,0,0,0,0,0,0,0,0
minimax_ordered,split_weight_eval,6,4,dragon,1331.618837,replace_overall_oldest,1000000,868320,155512,0,0,0,0,155512,1731287,248104,950,1344273,230552,0,0,0,0,0,0,0,0
minimax_ordered,split_weight_eval,6,4,king,1179.692321,replace_overall_oldest,1000000,949545,81225,0,0,0,0,81225,1566412,172845,649,1327621,156917,0,0,0,0,0,0,0,0
minimax_ordered,split_weight_eval,6,5,dragon,1110.456455,replace_overall_oldest,1000000,1000000,128841,78386,0,0,0,50455,1531957,210266,3935,1204723,194458,0,0,0,0,0,0,0,0
minimax_ordered,split_weight_eval,6,5,king,1155.397101,replace_overall_oldest,1000000,1000000,78757,78757,0,0,0,0,1477211,166124,1033,1245479,151942,0,0,0,0,0,0,0,0
minimax_ordered,split_weight_eval,6,6,dragon,1031.734082,replace_overall_oldest,1000000,1000000,121599,121599,0,0,0,0,1425695,193078,8909,1117638,177549,0,0,0,0,0,0,0,0
minimax_ordered,split_weight_eval,6,6,king,951.7792264,replace_overall_oldest,1000000,1000000,72974,72974,0,0,0,0,1260146,154963,3220,1042539,141413,0,0,0,0,0,0,0,0
minimax_ordered,split_weight_eval,6,7,dragon,1258.8913,replace_overall_oldest,1000000,1000000,140176,140176,0,0,0,0,1721764,219802,26158,1353680,201750,0,0,0,0,0,0,0,0
minimax_ordered,split_weight_eval,6,7,king,865.6120461,replace_overall_oldest,1000000,1000000,73464,73464,0,0,0,0,1192499,151482,3956,977453,137626,0,0,0,0,0,0,0,0
minimax_ordered,split_weight_eval,6,8,dragon,414.7431624,replace_overall_oldest,1000000,1000000,55767,55767,0,0,0,0,629976,84861,20098,477382,76729,0,0,0,0,0,0,0,0
minimax_ordered,split_weight_eval,6,8,king,476.3492994,replace_overall_oldest,1000000,1000000,37251,37251,0,0,0,0,579834,116821,5991,427637,108955,0,0,0,0,0,0,0,0
